team_api_id,mean_player_rating,points_per_game
6493,60.67304200919731,0.8888888888888891
7955,60.56565340352376,0.8888888888888891
9931,70.64992658413712,2.0277777777777772
9956,63.069746058075324,1.1388888888888884
10179,66.73107263107262,1.5
10190,62.33282227032228,0.8611111111111108
10191,63.75984848484849,1.361111111111112
10192,68.82702020202021,1.5833333333333341
10199,65.0901936026936,1.3333333333333337
10243,66.1421176046176,2.0
