team_api_id,mean_player_rating,points_per_game
8475,64.76740852171098,0.6666666666666666
8573,64.8306508994438,2.3333333333333335
9989,62.4135659857819,1.0
9991,66.82369478498025,1.6666666666666667
